{"cameraMode":{"drawMode":0,"name":"Shaded","section":"Shading Mode"},"sceneLighting":false,"audioPlay":false,"sceneViewState":{"showFog":true,"showMaterialUpdate":false,"showSkybox":true,"showFlares":true,"showImageEffects":true,"showParticleSystems":true},"in2DMode":false,"pivot":{"x":0.0,"y":1.1080000400543213,"z":1.7300000190734864},"rotation":{"x":0.18481706082820893,"y":-0.3357292115688324,"z":0.06735604256391525,"w":0.9211903810501099},"size":3.6895127296447756,"orthographic":false}